comment_id,comment_text,Sub1_Toxic,Sub2_Engaging,Sub3_FactClaiming
1,"Ziemlich traurig diese Kommentare zu lesen. Ihr k√∂nnt euch zwar bel√ºgen, dass es den vom Menschen gemachten Klimawandel nicht gibt, nur kann man die Natur nicht bel√ºgen. Wie viele Menschen m√ºssen denn noch auf Grund des Klimawandels ihre Lebensgrundlage verlieren oder gar Sterben, bis ihr den ernst der Lage erkannt habt?",0,0,0
2,"Sag ich doch, wir befeuern den Klimawandel. Raucher k√∂nnen ihr Lebensende meiner Meinung nach auch gerne befeuern, nur hab ich daran kein Interesse.",0,1,1
3,"Schublade auf, Schublade zu. Zu mehr Denkleistung reicht es wohl bei dir nicht.",1,0,0
4,Dummerweise haben wir in der EU und in der USA einen viel h√∂heren CO2 Fu√üabdruck als z.B. die Afrikaner oder Inder.,0,0,1
5,"""So lange Gewinnmaximierung Vorrang hat, wird sich das nur schleppend √§ndern"" Da gebe ich dir recht.",0,0,0
6,@USER Schon mal was von Physik geh√∂rt?,1,0,0
7,"Sollte es dann doch einen Klimawandel geben, der unabh√§ngig vom Menschen stattfindet? Lernt er nichts von periodischen Klimaver√§nderungen?",0,0,0
8,@USER geh wieder pennen...dein Ges√ºlze interessiert mich nicht,1,0,0
9,"Wenn ich einen Konjunktiv verwende hat das einen Grund liebe hysterischen Klimafachleute,die ihr hier ja alle wohl seid.Lauter srudierte Experten,die es ganz genau wissen. Weil sie es gelesen habenüòÅ",1,0,0
10,Nach mir die Sintflut ‚ò∫,1,0,0
11,@USER Ja o.k aber nicht mit so Schwachsinnigen Darstellungen. Alles weg Atomenergie Autoindustrie Landwirtschaft Lebensmittelindustrie usw wovon sollen sie Menschen Leben ? Wens nach den Gr√ºnen geht wieder zur√ºck in die Steinzeit. Rom wurde auch nicht an einen Tag erbaut,0,1,1
12,@USER Staatsfernsehen ! !,1,0,0
13,@USER Oh weh das m√∂chten wir uns garnicht vorstellen.,1,0,0
14,Aber eure Generation waren die schlimmsten Verbrecher was Umweltschutz angeht. Vielleicht sollte daf√ºr jetzt auch die Konsequenzen gezogen werden indem man eine √ñko-Steuer auf die Renten setzt. 5-10% der Brutto-Rente w√§re da schon angebracht. Oder sollen daf√ºr Ihre Enkel und Urenkel aufkommen?,1,1,0
15,"@USER seltsamerweise steigen die Temperaturen mit der sauberen Luft. Seit √ºber 20 Jahren verbessert sich die Luftqualit√§t, seither steigen gleichzeitig die durchschnittliche Mitteltemperatur.",0,0,1
16,"Eine ernsthafte Diskussion ist doch v√∂llig √ºberfl√ºssig. Entweder wird alles abgeschaltet oder abgeschafft, was der Gr√ºnen Fraktion nicht beliebt, oder es wird nicht ausreichend gehandelt. Das ist die Mentalit√§t der neuen Trendlemminge aus dem Sektor Klimaschutz.",1,0,0
17,"@USER aus Sicht der gr√ºnen Fraktion kurz √ºberschlagen die fossilen Energiestoffe, der Verbrennungsmotor, die industrielle Landwirtschaft, die Grenzen, Schiffs- und Flugverkehr, Fleischverzehr, usw. Reicht das erstmal?",0,1,0
18,"Wenn die Industrie angeblich so extrem viel tut, frage ich mich, warum immer alles schlimmer wird.",0,0,0
19,Die Luftqualit√§t ist nicht besser,0,0,1
20,"F√ºr Deutsche/Einzahler gibt es wieder nix ! Arbeit rechnet sich f√ºr viele normale Arbeiter nicht mehr ..so isses korrekt ! Wer zum Mindestlohn ackern mu√ü , hat bei StK 1 netto grad 1147‚Ç¨ ! ALG1 dann ca 769‚Ç¨ und kriegt nach 40 Jahren 514‚Ç¨ Rente . Das ist Fakt und krank ü§¨ Das Geld ist da , wird aber hier gebunkert ü§¨ https://www.nzz.ch/meinung/kommentare/die-fluechtlingskosten-sind-ein-deutsches-tabuthema-ld.1316333 https://app.handelsblatt.com/politik/deutschland/bundeshaushalt-asylruecklage-waechst-auf-mehr-als-30-milliarden-euro-an/23255758.html?share=fb&ticket=ST-1835264-cgmNTb6ctfzzp9qIjRUW-ap4",1,1,1
21,"Die ""Rentenreform"" der SPD ist ein schlechter Scherz. Warum sollten nur Renter die l√§nger als 35 Jahre gearbeitet haben eine Grundrente von 900 Euro bekommen, was noch unterhalb der Armutsgrenze liegt? Warum sollen Rentner, die weniger gearbeitet haben in noch gr√∂√üerer Armut leben m√ºssen?",0,1,0
22,"Die ""Rentenreform"" der SPD ist ein schlechter Scherz und damit wollen sie sich W√§hler kaufen. Sie werden 1. ihre Wahlversprechen nicht einhalten und 2. Warum sollten nur Rentner, die 35 Jahre lang gearbeitet haben, eine Grundrente von 900 Euro beziehen, was noch unterhalb der Armutsgrenze liegt und Rentner, die weniger gearbeitet haben, noch weniger Rente beziehen und mit noch weniger Geld vor sich hin wegitieren? JEDER Mensch hat einen anspruch auf ein meschenw√ºrdiges Leben und Teilhabe an der Gesellschaft. F√ºr mich ist das absolute Minimumg eine sanktionsfreie Mindestsicherung von 1050‚Ç¨ nach dem Vorschlag der Partei DIE LINKE. Besser finde ich aber das Grundeinkommenszonzept der BAG Grundeinkommen DIE LINKE.",0,1,1
23,"Wie w√§re es dann mit einem (bedingungslosen) Grundeinkommen? Es w√ºrde jeder Erwachsene bekommen und dann kann jeder entscheiden, wie er sein Leben gestalten m√∂chte.",0,1,0
24,Und jede Form des Einkommens wird ab einer bestimmten H√∂he besteuert. Details gibt es z.B. bei der BAG Grundeinkommen.,0,1,1
25,"@USER Nein, bei der Finanzierung liegst du komplett falsch. Ich verweise mal mal auf die Ausarbeitung der BAG Grundeinkommen und auf meine Zusammenstellung √ºber das Grundlegende Wissen √ºber unser Geld- und Wirtschaftssystem. Da vereise ich auf Heiner Flassbeck mit seinem Makroskop und Heinz Josef Bontrup, die selber aber keine Verfechter des Grundeinkommen sind. Weitere gute Quellen √ºber unser Geld- und Wirtschaftssystem sind Bernd Senf. Mr Dax Dirk M√ºller und Sahra Wagenknecht Erg√§nzend empfhele ich dazu Harald Lesch, speziell zum Thema Kapitaloz√§n, Christian Felber zum Thema Geneinwohl√∂konomie und erg√§nzend Richard David Precht. Und nat√ºrlich gibt es noch einige weitere spannende Quellen. ""W√ºrden die Menschen unser Geldsystem verstehen, dann g√§be es eine Revolution noch vor morgen fr√ºh"" Henry Ford",0,1,1
26,""" 675 Milliarden!"" Das ist dein Denkfehler. Auf was f√ºr Einnamen kann denn der Staat Deutschland zur√ºck greifen?",0,0,1
27,"@USER Artikel 14 GG ist sicherlich bekannt. Wobei Artikel 151 der bayrischen Verfassung viel witziger ist. Mal ein paar Beispiele. Die reichsten 10! Menschen in Deutschland verf√ºgen √ºber ca. 150 Milliarden Euro. Die reichsten 500 Menschen verf√ºgen √ºber ein Verm√∂gen von 750 Milliarden Euro. Das reichste 1% der Menschen in Deutschland verf√ºgt √ºber 33% des Gesamtverm√∂gens. Die reichsten 10% der Menschen in Deutschland verf√ºgen √ºber 66% des gesamten Verm√∂gens. Das Problem bei diesen Zahlen sind, dass es Sch√§tzungen sind. 1995 wurde die Verm√∂genssteuer ausgesetzt, weil die Verm√∂gen nicht ausreichend erfasst werden. Bis heute hat sich daran nichts ge√§ndert. Dem einen sein Verm√∂gen sind des anderen seine Schulden. 16,8% der Menschen in Deutschland leben unterhalb der Armutsgrenze. Und je gr√∂√üer das Verm√∂gen, desto gr√∂√üer die Zinssummen, die WIR arbeitende Bev√∂lkerung erwirtschaften m√ºssen. Die Reichen haben die macht ihre Steuern zu ‚Äûoptimieren‚Äú Sei es durch gekaufte Gesetze oder durch Steueroasen. Panamapapers, Paradisepapers und wie die anderen Steuerschlupfl√∂cher alle hei√üen.",0,1,1
28,"3) Unser Geldsystem (Euro, Eurokrise, alternative Geldsysteme, BGE, Umverteilung, Gemeinwohl√∂konomie) ****************************************************************** - Volker Pispers √ºber unser Geldsystem https://www.youtube.com/watch?v=bf-NPB4INjU - Wie Geld funktioniert - Einfach erkl√§rt https://www.youtube.com/watch?v=0VAJY0Oq6K8&t=280s - Mr. Dax Dirk M√ºller √ºber unser Geldsystem https://www.youtube.com/watch?v=WTW49tr-mNE - Dirk M√ºller √ºber unser Geldsystem https://www.youtube.com/watch?v=ihT6uOSl5s0 - 23.01.2013 Bernd Senf: Zinsesszins, Geldsch√∂pfung und Spekutaltin https://www.youtube.com/watch?v=zfWpE1vSuO0 - Planet Wissen: Der Chiemgauer https://www.youtube.com/watch?v=M4LI3_tfteA - 06.01.2019 Weltwirtschaftskrise 1929 - Silvio Gesell & ""Das Wunder von W√∂rgl"" - Experiment Regionalgeld https://www.youtube.com/watch?v=mHH1dOYqzTg - Heiner Flassbeck: Ist der Kapitalismus am Ende? https://www.youtube.com/watch?v=2fvD8Koj3f8 - 04.02.2017 WAS IST LOS IN EUROPA? Podium mit Flassbeck (Makroskop) und L√ºcke (IfW) in Kiel https://www.youtube.com/watch?v=a9mduhSSC5w - Andreas Popp - Wir sind nicht verschuldet. https://www.youtube.com/watch?v=X0GzMWaeI3s Alternative Geldsysteme ******************** - Die kommende Demokratie: Sozialismus 2.0 https://www.youtube.com/watch?v=KStivMNdbxE - Bruno Kreisky Forum: SAHRA WAGENKNECHT REICHTUM OHNE GIER (13.6.2016) https://www.youtube.com/watch?v=X1OUemq-82k - Andreas Popp ‚Äì Plan B https://www.youtube.com/watch?v=l2ApFesIGdc - G√ºltige Stimme - Andreas Popp im Verh√∂r bei Roland D√ºringer https://www.youtube.com/watch?v=m_9VyBZ_JDM - Dirk M√ºller auf dem Jahrestreffen des Diplomatic Council - F√ºr ein faires Finanzsystem https://www.youtube.com/watch?v=56jt_fK9JcA - Gemeinwohl-√ñkonomie - Christian Felber: Wirtschaft neu denken https://www.youtube.com/watch?v=PBxKPAu8lvA √úber den EURO und die Eurokrise --------------------------------------------------------------------------- - Heiner Flassbeck: Warum die Rettung Europas nicht gelingen kann (Der Euro und warum er nicht funktioniert) https://www.youtube.com/watch?v=jvUfaN9z1_Q - Vortrag Heiner Flassbeck (24.11.2017, Haus der EU Wien) https://www.youtube.com/watch?v=V-Uq1J-a4rk - Heinz-Josef Bontrup Heinz-Josef Bontrup: Die Mainstream-√ñkonomie und ihr Versagen https://www.youtube.com/watch?v=NmPh5YGGNwo - KenFM im Gespr√§ch mit: Heinz-Josef Bontrup https://www.youtube.com/watch?v=RNS_WYeNSrs - Die Griechenlandl√ºge https://www.youtube.com/watch?v=QIlqJbLdB78 - Macht ohne Kontrolle ‚Äì die Troika https://www.youtube.com/watch?v=kRRPi_BaqDA - Macht ohne Kontrolle: Die Troika - Jung & Naiv: Folge 226 https://www.youtube.com/watch?v=26MxfU2wBXM - EU Poly - Ein europ√§ischer Alptraum https://www.youtube.com/watch?v=kz1FnBoRwkk - @MEDIUM Doku Der gro√üe Euro Schwindel wie der ganze Irrsinn begann https://www.youtube.com/watch?v=lo2YLWEMAz8 - DIE EXPORTL√úGE 1 - WIE DEUTSCHLAND sich in den ABGRUND F√ÑHRT! - Hans-Werner Sinn, G√ºnter Verheugen https://www.youtube.com/watch?v=7PcHuoE33Co - Die Anstalt ‚Äì Die Exportwippe https://www.youtube.com/watch?v=02jXIWb47gk - 27.08.2018 Kontraste: Die Opfer des Exportweltmeisters - Wie Deutschland Arbeitslosigkeit in Europa produziert https://www.youtube.com/watch?v=QBp8_YYihKc - Sendung @MEDIUM Monitor Bankenrettung https://www.youtube.com/watch?v=CbyapEfL4Vg - Staatsgeheimnis Bankenrettung ARTE Doku https://www.youtube.com/watch?v=JYdP2FJy_bY Bedingungsloses) Grundeinkommen (BGE) *********************************** - 08.07.2015 Bielefelder Parteitag der Partei ‚ÄûDie Linke"": Diskussion zum Bedingungslosen Grundeinkommen https://www.youtube.com/watch?v=zhDJAHWeLU8 - 02.09.2012 Argumentationen gegen ein bedingungsloses Grundeinkommen https://www.youtube.com/watch?v=EcQIzkcioiI - 11.12. 2017 Prof. Dr. Sascha Liebermann - Bedingungsloses Grundeinkommen https://www.youtube.com/watch?v=HcekSMoPsiw - 18.05.2017 Digitalisierung und Grundeinkommen ‚Äì mit Richard David Precht https://www.youtube.com/watch?v=8a-OgbAi2Sg - 11.12.2017 Prof. Dr. Sascha Liebermann - Bedingungsloses Grundeinkommen https://www.youtube.com/watch?v=HcekSMoPsiw&t=602s - Netzwerk Grundeinkommen https://www.grundeinkommen.de/ - Detailierte Informationen √ºber den Vorschlag DIE LINKE √ºber ein Grundeinkommen http://www.die-linke-grundeinkommen.de/fileadmin/lcmsbaggrundeinkommen/PDF/BAG_Brosch2016.pdf - BAG Grundeinkommen DIE LINKE https://www.die-linke-grundeinkommen.de/nc/grundeinkommen/aktuell/ Sonstiges: ******** - Die Anstalt: Thema Umverteilung https://www.youtube.com/watch?v=eCMF3fSH_JQ&t=341s - KenFM-Positionen 5: Geld regiert die Welt - Welchen Anteil am Elend hat der Zins? https://www.youtube.com/watch?v=ftKjE9yKz4o - Richard David Precht | Palais Dresden | Wie werden wir leben? Gemeinwohl-√ñkonomie, Bedingungsloses Grundeinkommen https://www.youtube.com/watch?v=X9JbqhJu80w - ""Wirtschaft ohne Wachstum"" Prof. M. Kennedy, Dirk M√ºller, Prof. H. Peukert, Prof. H. Spehl (1/2) "" https://www.youtube.com/watch?v=_jeWd4SF35s - Wirtschaft ohne Wachstum"" Prof. M. Kennedy, Dirk M√ºller, Prof. H. Peukert, Prof. H. Spehl (2/2) https://www.youtube.com/watch?v=_cnxVUxcg1A - Ulrike Guerot √ºber die Utopie der ""Europ√§ischen Republik"" - Jung & Naiv: Folge 331 https://www.youtube.com/watch ?v=vIrdZjBBM5g&index=9&list=PLhuamIX_U9Z1OANh2UwlCtuGRH_CsujE- - KenFM im Gespr√§ch mit: Heinz-Josef Bontrup https://www.youtube.com/watch?v=RNS_WYeNSrs - 03.09.2011 Finanzgesch√§fte 1 A erkl√§rt https://www.youtube.com/watch?v=ui2FaoG24no - 02.05.2018 1. Mai in Witten: Rede von Prof. Heinz-J. Bontrup https://www.youtube.com/watch?v=CwLpN-nE6Dg - 23.10. 2018 Ernst Wolff Die Krise am Horizont, Zehn Jahre nach der Finanzkrise-Keines der Probleme gel√∂st. https://www.youtube.com/watch?v=NKhbD-WKA6k - 06.08.2017 KenFM-Positionen 11: Der globale Marshallplan - Konzepte f√ºr eine Welt von morgen https://www.youtube.com/watch?v=wnyfSAIQ0B0 - 18.01.2017 Bernd Senf ‚Äì Der Nebel um das Geld https://www.youtube.com/watch?v=USXb4BFGLss - 27.01.2018 Prof. Bontrup - Wirtschaftliche Macht https://www.youtube.com/watch?v=MPCIjumnvrI&t=1660s",0,1,1
29,"""Das Geld daf√ºr kann man doch einfach drucken. Weggedieren Sie weiter‚ÄºÔ∏è"" Ich verweise auf die grundegelde Funktionsweise unseres Geldsystems und die Ausarbeitung der BAG Grundeinkomen DIE LINKE.",0,1,1
30,"Zu dem verweise ich gerne auf meine Facebookseite ""Neu denken""",0,1,1
31,"@USER Geld ist genug da. Oder mit Volker Pispers Worten mal zu sagen:"" Geld ist eine Fantasie""",0,0,1
32,@USER Wir bezahlen auch nur mit unserem Vertrauen. Mehr nicht. 1973 wurde der Goldstandart beendet. Einen direkten Gegenwert hat Geld nicht.,0,0,1
33,War schon Thema bei Illner. K√∂nnt ihr euch nicht abstimmen? Am besten noch die selben Leute einladen.,0,0,1
34,soll er keine Rente erhalten? √úbrigens bekommt auch jeder Beamter Geld von uns Steuerzahlern,0,0,1
35,"Wie doof mu√ü man eigentlich sein,um diesen L√ºgnern dieses Sozialpaket ab zunehmen,wer hat denn die Agenta 2010 auf den Weh gebracht.Und nun merken die Verbrecher auf einmal,au, uns laufen ja die W√§hler weg, besonders im Osten. Man Leute , wacht doch endlich auf,wie oft lasst Ihr Euch noch verarschen. Die haben einfach Angst.",1,0,1
36,Passt zum Thema Friedmann gestern wo die CDU Politikerin sagte das Gering Verdiener sich Immobilen kaufen sollen damit sie sp√§ter nicht bed√ºrftig werden üëéüëéüëéüò°üò°üò°,1,0,1
37,Diese Ank√ºndigungen werden immer vor Wahlen gemacht und gehalten wird nichts. Wann begreift der B√ºrger das entlich mal .,1,0,1
38,...ohne Kommentar!!!!,1,0,0
39,Die Idee einer Grundrente kommt von der Linkspartei. Die SPD hat Jahre lang gegen die Grundrente gewettert. Die SPD versucht so ihren Arsch zu retten. Ich finde die Grundrente sollte Steuerfrei sein und zum Leben reichen. Also nicht unter 1000 Euro.,1,1,1
40,"WER zahlt den die Steuern, @USER....das ist das Geld der Allgemeinheit, oder sehe ich das falsch,,,??",1,0,1
41,"Gestern bei Illner, Montag bei @MODERATOR ...ist das nicht langsam √ñR-Parteihilfe wie bei den Gr√ºnlingen ? ü§¶‚Äç‚ôÄÔ∏èü§¨",1,0,1
42,Mein Gott der war erst gestern bei Illner. Die Redaktionen VERSAGEN.,1,0,1
43,@USER Die CDU l√§sst das so wie so nicht zu . Sagen doch nur wenn sie Reichen was bekommen sollen ( 10 Milliarden f√ºr die Hotellobby),1,0,1
44,"Sehr gut analysiert - bin ich vollkommen konform....! Aber @USER bitte das n√§chste Mal mit einer orthographischen, einigerma√üen korrekten, Schreibweise......Danke!",0,1,0
45,"Bei meiner beschissenen Rente als 2x Geschiedener Mann muss ich auch noch Steuern und Krankenkasse bezahlen. Auf meine Privaten Geldanlagen gab und gibt es auch keine Zinsen . Ihr solltet euch sch√§men und in H√∂lle braten,,,,,,üôäüôàüôâ",1,0,1
46,"Wer 40 Jahre zum Mindestlohn arbeiten mu√ü, erh√§lt 514‚Ç¨ Rente daf√ºr ....DAS ist doch das Grundproblem ü§¶‚Äç‚ôÄÔ∏è Wir steuern somit sehenden Auges in die Massenaltersarmut ! Habe selbst jetzt jahrelang zum Mindestlohn gearbeitet , netto 1147‚Ç¨ bei Stkl.1 . Ergebnis ist jetzt ein ALG1 von 769‚Ç¨ . 500.000 anderen Besch√§ftigten im Callcenter geht es da auch so ...und da hilft kein Gesabbel ! L√∂sungen m√ºssen her ! ü§¶‚Äç‚ôÄÔ∏è Zum Gie√ükannenprinzip halte ich entgegen , was ist mit dieser Gie√ükanne hier ?? ü§¨ https://www.nzz.ch/meinung/kommentare/die-fluechtlingskosten-sind-ein-deutsches-tabuthema-ld.1316333 Das angebliche 25 Milliardenloch vom Scholz ist √ºbrigens hier üò° https://www.welt.de/wirtschaft/article181239154/Haushaltsreserve-Warum-die-Regierung-24-Milliarden-Euro-fuer-Fluechtlinge-zurueckhaelt.html",1,1,1
47,"Wenn ich immer lese ""Das muss die j√ºngere Generaltion"" bezahlen, dann fall ich immer lachend vom Stuhl. Ja, es k√∂nnen Schulden enstehen. Aber was stehen diesen Schulden denn gegen√ºber? Richtig! Es ensteht die EXAKT selbe Menge an Guthaben. Und dass kann man steuern. Und deswegen nennt man die Steuern auch Steuern um die Geldmenge zu stuern.",0,1,1
48,"Das machen wir doch. Und deswegen zerst√∂ren wir ja die Eurozone und viele L√§nder berschweren sich √ºber unsere Au√üenhandelsbilanz√ºbersch√ºsse. Ins Detail geht da z.B. Heiner Flassbeck mit seinem Makroskop, und Heinz Joesf Bontrup. Erg√§nzende Informationen gibt es von Bernd Senf und Mr. Dax Dirk M√ºller. Wer dann noch langeweile hat, der sollte sich mit dem ""Reichtum ohne Gier"" von Sahra Wagenknecht und der Gemeinwohl√∂konomie von Christian Felber auseinander setzen. Nat√ºrlich sollte man sich voher gundlegend √ºber unser Geldsystem infomieren. Und keine Sorge, ich habe eine √ºberwiegend leicht zu verstehende Infomrationssammlung zu diesem Thema zusammengestellt. Gerne kannst du auf meiner Facebookseite ""Neu denken"" vorbei schauen.",0,1,1
49,@USER noch mehr B√ºrokratie? Gleiches Geld f√ºr alle und fertig!,0,0,0
50,@USER alle ausreisepflichtige Fl√ºchtlinge raus.,0,0,0
51,"@USER Doch wurde und wird was verteilt , die Di√§ten der Abgeordneten . Da sollte man 40% Streichen Dann h√§tten die immer noch zuviel",0,0,0
52,@USER Wieso Schule,0,0,0
53,Die j√ºngere Generation bekommt so viel Kindergeld wie keine Generation. D√ºrfen auch was zur√ºck geben,0,1,1
54,"Es ist fatal die einen hilfesuchenden Menschen, gegen andere hilfesuchende Menschen auszuspielen. Anstatt nach unten zu treten m√ºssen wir endlich nach oben die die Augen unserer Ausbeuter schauen.",0,0,0
55,"Ich bin ganz klar f√ºr die Besteuerung. Nur m√ºssen Einkommen bis 7.100 Euro entlastet werden und dar√ºber hinaus wesentlich st√§rker belastet. Speziell bei Renten ben√∂tigen wir nicht nur eine Untergrenze, sondern auch eine Obergrenze.",0,1,0
56,"Also eine gleiche Rente f√ºr alle? Wie w√§re es mit einem BGE von 1.200 Euro und wer mehr haben m√∂chte, der muss arbeiten gehen und oder einen Teil des Geldes, was er durch Arbeit verdient hat zur Seite legen.",0,1,0
57,"keine Sorge, sie wussten es.",0,0,1
58,"Gute Kritik, doch wir brauchen nicht nur 13 Euro Mindestlohn (12,68‚Ç¨ Pro Stunde ben√∂tigt man laut Bundesregierung um nicht auf Hartz4 angewiesen sein zu m√ºssen) Sondern wir ben√∂tigen auch eine sanktionsfreie Mindestsicherung, oder ein Grundeinkommen, f√ºr all diejenigen, die kaum oder gar nicht gearbeitet haben bzw. konnten. Jeder Mensch hat das recht auf ein menschenw√ºrdiges Leben mit Teilhabe an der Gesellschaft.",0,1,1
59,"@USER, warum w√§hlt man eine Partei, die den Tod von Menschen in Deutschland willentlich in kauf nimmt?",0,0,0
60,"Wie w√§re es mit der Steuerpolitik der Partei DIE LINKE, die Einkommen bis 7.100‚Ç¨ entlasten und die Einkommen dar√ºber mehr belasten m√∂chte.",0,1,0
61,"Ich schmei√ü mich weg... 800 Euro sollen f√ºr ein ""vern√ºnftiges"" Leben ausreichen?",0,0,0
62,"Und wer weniger als 35 Jahre gearbeitet hat, muss von der Grusi leben. Hier sieht man mal die asoziale Ausrichtung dieser Partei.",1,0,1
63,"Wenn ich mich nicht t√§usche, ist die Dame sehbehindert oder sogar Blind. Der Kommentar ist entw√ºrdigend und v√∂llig daneben!!!",1,1,1
64,"Ja, die Grundrente ist wichtig! Vorallem f√ºr Menschen, die aufgrund einer Erkrankung, Unfall etc. pp nicht so arbeiten gehen k√∂nnen wie ein gesunder Mensch! Und keiner soll mir mit Grundleistung des Sgb 12 Gesetzes kommen, das reicht vorne und hinten nicht!",0,1,0
65,"Herr/Frau wer auch immer, wenn ein Mensch wenig in die Rentenkasse eingezahlt hat, aus welchen Gr√ºnden auch immer, kann dieser Rentner leider keine zigtausend Euro Rente bekommen. So unsch√∂n das auch ist.",0,0,1
66,"@USER ich hatte zuletzt in der Arbeitnehmer√ºberlassung ein Einkommen von 2.300 Euro netto, Steuerklasse 1, kein Studium. Zeitarbeit bedeutet nicht zwangsl√§ufig geringes Einkommen. Und auch nicht jeden Tag woanders arbeiten.",0,1,0
67,"@USER habe letztens erst geh√∂rt, dass einige Gesch√§fte Nichte mehr an die Tafeln abgeben d√ºrfen es sei denn, die bezahlen das Gesundheitsamt daf√ºr das die Lebensmittel welche an die Tafeln gehen w√ºrden von denen √ºberpr√ºfen lassen. Der Gesetzgeber hat damit D√ºnnd√§rmen Menschen erneut die M√∂glichkeit genommen etwas f√ºr wenig Geld zu bekommen. Ich bef√ºrchte, dass einige Gesch√§fte ihre nich haltbaren Lebensmittel lieber in die Tonne kloppen statt daf√ºr zu bezahlen das die Tafeln und somit die arme Bev√∂lkerung etwas davon haben. Ich sage nur armes Deutschland",0,1,1
68,"@USER Frauen sind aber oft die, die wegen Kindererziehung nicht genug Rentenpapier zusammen bekommen. Wenn dann noch ein Kind da ist, welches kr√§nkest und die Mutter deswegen erst sehr sp√§t zur√ºck auf Arbeit, dann hat‚Äôs in schlichtweg die Arschkarte. Und genau da muss sich was √§ndern. M√ºtter sollten, m√ºssten so berechnet werden, als ob sie nie aufgeh√∂rt haben zu arbeiten wenn sie zur√ºck zur Arbeit gehen nach der Geburt",1,1,1
69,@USER das k√∂nnte aber durchaus ge√§ndert werden wenn zum einen die Arbeitgeber nicht nur immer an sich selber denken und daf√ºr vern√ºnftig Lohn bezahlen und zum anderen der Mindestlohn auf ein Level erh√∂ht wird das man automatisch mehr in die Rente einzahlen kann und ggf sogar noch privat vorsorgen kann.,0,1,0
70,@USER wer nie arbeitet und nichts einzahlt bekommen nie Rente sondern bleibt auch im Rentenalter Sozialhilfeempf√§nger. Wer etwas anderes behauptet kennt die Rechtslage nicht,0,1,1
71,@USER wo haben Sie diese Zahl her? Von der AFD?,0,0,0
72,"@USER nicht ganz es sei denn, Sie haben nie die Schule besucht denn die Lehrer sind zu 95% verbeamtet",0,1,1
73,@USER wenn diese ehemals selbstst√§ndigen eingezahlt haben dann haben die auch ein Recht darauf. Ich kenne einen der zu Beginn seiner Selbstst√§ndigkeit noch eingezahlt hat sp√§ter dann aber nicht mehr. Jetzt bekommt er Mindestrente.,0,1,0
74,"@USER dazu kommt ja noch, dass das Einkommen des Hinterbliebenen voll an die Witwen/r Rente angerechnet wird und die Rente um diese Summe gek√ºrzt wird. Auch das eine Witwe oder ein Witwer der noch relativ jung nur eine kleine Rente, d.h. befristet auf 2 Jahre nur bekommt.",0,0,1
75,"@USER in Zeiten wie diese wo dieses Trampeltier von Trump mit den Kriegstreiber Putin kurz davor ist die Welt in einen 3. Weltkrieg zu st√ºrzen denke ich mal m√ºssen wir mit aufr√ºsten. Aber es w√§re sch√∂n noch genug Geld da wenn nicht unser aller steuern in aller Herren L√§nder verteilt werden w√ºrde. Wenn endlich die Lobby das ansteuern bezahlen w√ºrde was die auch bezahlen m√ºsste. Wenn die Gelder, die von der Lobby ins Ausland geschafft wurden per Gesetz zur√ºck geholt und einbehalten werden w√ºrde. Aber hier werden die Lobbyisten gesch√ºtzt und gleichzeitig unsere Steuergelder f√ºr die Rettung anderer L√§nder verplempert. Auch die Aussage Merkels, wenn die Briten aus der EU raus sind das dann wir deutschen einen Gro√üteil der Zahlungen, die durch die Briten wegfallen √ºbernehmen. Keiner kommt auf die Idee den EU Apparat zu reduzieren. Im Gegenteil, man will diesen sogar noch weiter aufbl√§hen.",0,1,1
76,Mindestrente ja aber daf√ºr dann den Regierenden das Gehalt um 50 % k√ºrzen und die Di√§ten komplett streichen wegen Unf√§higkeit.,1,1,0
77,"@USER mir ist durchaus bewusst, dass die Politiker nicht Milliarden bekommen aber trotzdem kann dieses Geld der RK zu gute kommen. Und auch die Gelder die von der BR in aller Herren L√§nder verschenkt werden und das sind Milliarden k√∂nnte f√ºr unsere Rentner und unsere Infrastruktur eingesetzt werden.",0,1,0
78,"@USER Alle Parteien ob CDU SPD CSU geschweige FDP h√§tten 30 Jahre Zeit was f√ºr die Mittelschicht und kleinen Leute was zu tun und immer vor Wahlen wird versprochen und sich den B√ºrger anzubiedern , doch nach der Wahl wie immer das gleiche! Nix Passiert. Die einzige die die Wahrheit gesagt haben waren die beiden Frauen . Soll doch mal der @MODERATOR und der vom Cizero Verlag Ihre Konten offen legen . Diese Menschen haben den Sozialstaat von der Kindheit an genauso Genosse wie jeder andere auch . Sollten sich jetzt vermehrt am Wohlstand aller Deutschen beteiligen",1,0,1
79,"Die ""Sozialpolitik"" der SPD ist asozial. Und nicht dass sich jemand noch Hoffnung macht, die ""Sozialpolitik"" der CDU, CSU, FDP, und AFD ist noch asozialer. Die Politik der Gr√ºnen ist auch nicht besser. Bleibt nur noch DIE LINKE als einzige Partei √ºbrig, die sich f√ºr die Menschen einsetzt.",1,0,0
80,"@USER Nat√ºrlich √§ndern DIE LINKE alles. Warum bist du der Meinung, dass DIE LINKE auch nichts √§ndert?",0,0,0
81,"Die SPD, Verbrecher,die haben Angst vor den Wahlen in den neuen Bundesl√§ndern,weg mit Euch.",1,0,0
82,@USER √Ñnoch vor der Wahl umsetzen sonst bleib5s wie immer,0,0,0
83,"Ich finde es besch√§mend, dass in dem Gremium M√§nner sitzen und √ºber einen Vorschlag des Arbeitsminister diskutieren, selbst aber hohe L√∂hne einstecken und gar nicht wissen wie es ist in Armut zu leben, weil Sie das Gl√ºck hatten auf der Sonnenseite zu arbeiten! Wir reden hier auch um Summen welche sich Bundestags und Landtagsabgeordnete so ohne gro√ües Nachdenken in den Di√§ten erh√∂hen! Das ist die Erh√∂hung nicht schamlos?",0,1,1
84,"Warum bekommen Beamte und ihre Gattinen soviel staatliche Verg√ºnstigungen, warum bekommt eine Beamtenwitwe hohe finanzielle Zuwendung obwohl Sie niemals als Beamtin gearbeitet hat, ist dies nicht unw√ºrdig?",0,0,1
85,"Wenn Manager Jahresgeh√§lter von 38 Millionen einstecken, eine Betriebsrente von t√§glich 4200 Euro einsteckt, dann stimmt in diesem Lande nichts mehr, Menschen die mit Ihrer schwach bezahlten Arbeitskraft das Getriebe des Staates aufrechthalten , sollen diese Ungerechtigkeiten hinnehmen, nein es ist eine Unversch√§mtheit in der Behandlung von diesen Menschen!",0,1,1
86,@USER dagegen habe ich keinen Einwand!,0,0,0
87,Die Frau Ulffkotte ist ja Traumhaft gut,0,1,0
88,"@USER, nein, nicht wegen Rot-Gr√ºn, sondern wegen dem demografischen Wandel, der andere Handlungsweisen kaum noch m√∂glich macht.",0,1,0
89,"Danke Frau Bentele und Frau Holotte so wie Herrn Arbeitsminister Heil, W√ºnsche ihm das er sein Ziel erreicht und das man ihm nicht zu viel Steine in den Weg legt von Seiten seinen Bundestagsabgeordneten mit ihren Fraktionen!",0,1,0
90,@USER Na was soll man den anderes von der FDP erwarten . Die Reichen Spenden doch schon Sooo viel ! Das was die Spenden m√ºssten die sonst ans Finanzamt zahlen . Und Spenden k√∂nnen Sie sich wieder zum Tei erstatten lassen . Die sollte man f√ºr 10 Jahre in den Knast stecken denn √ºber Geldstrafe Lachen die nur .,1,0,1
91,@USER Hoffentlich denken die W√§hler alle so,0,0,0
92,Wo Arbeiten die Politiker Hart ! Im Bundestag kommen un gehen die wann sie wollen manche schlafen bei Debatten naja bei so harten B√ºffets und Fresseinlagen kann man auch verstehen . Die m√ºssten alle nach 4 Jahren wieder in Ihre alten Jobs zur√ºck. Ohne Pensionsanspr√ºche,1,0,1
93,"Dank ROT-GR√úN m√ºssen die Menschen heute 45 Jahre Jahre arbeiten und jeden Monat den Durchschnittslohn in Deutschland (3.500 ‚Ç¨) verdienen, damit man einen Anspruch auf 1.200 ‚Ç¨ hat (vor Abzug der Sozialabgaben)....wer hat das (Prof. Sell hat genau dieses in der Sendung B√∂ttinger offen gelegt)? Bei all den Menschen, die in die bedarfsorientierte Grundsicherung fallen, werden alle privaten Vorsorgen angerechnet - wie sieht dieses bei dem Rechenmodell von Herrn Heil aus?",0,1,1
94,"@USER, sorry, da muss ich sie entt√§uschen...... Bitte schauen sie sich mal die vielen Folgen ""Der Anstalt"" zu diesem Thema an! Falls sie sich diese M√ºhe machen m√∂chten, w√ºrde ich gern mit ihnen diskutieren....Danke!",0,1,0
95,"@USER so eine dumme Aussage. W√ºrde es keine Putzfrauen geben dann w√§ren Krankenh√§user, Altenheime Bahnhofstoiletten und und und v√∂llig verleimt. Dann w√ºrden Menschen wie Sie sich wieder bescheren weil ja nicht geputzt wurde. Vielleicht sollten Sie mal anfangen und Menschen die die schei√üe andere wegwischen mit mehr Respekt entgegen treten. Auch sollten Sie Ihrer Fris√∂rin dankbar sein, dass sie Ihnen die Haare macht. Denn ich die Arbeiten im unteren Level der Gehaltsstufe. Also bitte mehr Respekt vor Menschen die sich Tag f√ºr Tag krumm legen um halbwegs √ºber die Runden zu kommen ohne vom mit leben zu m√ºssen. Das diesen Menschen dann ein anrechnungsf√§hige Rente zustehen sollte die nicht unterhalb des Existenzminimum ist sollte jeden vollhonk kalt sein. Aber Sie scheinen ja ziemlich arrogant zu sein und Menschen mit geringen Einkommen nicht ernst zu nehmen. Sie sollten sich sch√§men.",1,1,0
96,"@USER steht jeden nur die da oben lassen nur noch ihresgleichen aufsteigen und sorgen daf√ºr, dass die unten auch unten bleiben.",1,0,1
97,@USER mit der AFD wird es den Reichen noch besser gehen weil die denen alle Steuern senken wollen und den Mittelstand daf√ºr die Steuern erh√∂hen. Zudem wollen die keinerlei Unterst√ºtzung mehr f√ºr Arbeitslose geben.,0,1,0
98,@USER Arsch,1,0,0
99,"Reinigungskr√§fte haben einen Tariflohn von glaube ich 11,30 oder so. Habe mich erst letztens mit unserer Reinigungskraft unterhalten. Hier geht es aber nicht um die T√§tigkeit, sondern darum, wie ungerecht das System ist. Leute die arbeiten und was ansparen f√ºrs Alter wird alles weggenommen, was sie angespart haben, wenn sie in H4 rutschen kurz vor der Rente. Wie asozial ist das denn bitte. Es gibt viele Leute mit Berufsausbildungen, wo man nicht viel mehr verdient.",1,1,1
100,@USER Das ist Quatsch von wegen die Meisten . Nur die gr√∂√üten haben die M√∂glichkeit das Geld Risikolos ins Ausland zu bringen Den Mittelst√§ndisch gelingt das kaum .Und beim Normali wird's gleich abgezogen,0,1,1
101,@USER Ja auf dem Golfplatz,1,0,0
102,@USER Weil das so ist . Das Geld das die sogenannten Reichen zahlen sind nur die Gelder die sie sonst sowieso am Normalen Steuern zahlen m√ºssten. Hier ist kein Neid aber es muss nicht sein das viele der Reichen Ihr von den Arbeiteten Menschen Geld in 3 und mehr Immobilien anlegen und das im Ausland nur um hier keine Steuern zu zahlen. Wenn man das Interview von Rossmann gesehen hat kann Mann nur Kotzen mit welcher Arroganz dieser Typ durch s Leben geht. Da sagen selbst sehr Reiche Menschen in Deutschland das sie sich Sch√§men,1,0,1
103,@USER Das ist kein Neid . Aber es darf nicht sein das ein Unternehmer oder Vorstandschef 100 mal mehr Verdient als ein Krankenpfleger oder Schlosser oder oder . Das ist kein Neid das ist ne Sauerei . Wenn das so weitergeht wird s so wie 1917 bei den Russen ! Dann holen sich die Normalen Menschen sich das von den Reichen mit Gewalt und dann wird's viele Tote Reiche geben !,1,0,0
104,@USER Wo haben die Verluste ! Bevor die Verluste haben bringen die Ihr Geld ins Ausland . Alles L√ºgen und Ihr denkt der kleine Mann ist Bl√∂d und glaubt Euch das ! ! Nein Nein,1,0,1
105,@USER Ja die Frau ist die einzige die eine Logische Vorderung stellte . Keiner will eine zwangsenteignung aber eine entsprechende Beteiligung an den Staatsausgaben. Was die sogenanntem Reichen zahlen ist Lachhaft . Haben sie Angst ein wenig Geld f√ºrs Wohl der Allgemeinheit anzugeben . Ich bin nicht Reich und nicht Arm und freue mich wenn ich f√ºr andere Menschen denen es nicht so gut geht was gutes tun kann. Ein sch√∂nes Gef√ºhl. Das scheint Ihnen zu fehlen,1,0,0
106,Beides ist wichtig.,0,0,0
107,"Die Reichen werden immer reicher und die Armen immer √§rmer. Der Mittelstand schrumpft und knapp 1/3 bis die H√§lfte der Bev√∂lkerung ist von Altersarmut betroffen. Die Umverteilung des Geldes ist ein Weg, der unumg√§nglich ist. Es geht nicht darum Leuten den ganzen Reichtum wegzunehmen, sondern lediglich darum Probleme zu l√∂sen und das Geld muss irgendwo herkommen. Die Reichen und Superreichen werden es √ºberleben, dass sie etwas mehr Steuern f√ºr das Gemeinwohl zahlen m√ºssen. Hier wird ja bewusst so getan, als w√§re das der Weltuntergang. Hier stellen sich viele auf die Seiten der Reichen und Superreichen. Wie kann man denn so bescheuert sein?",1,1,1
108,"Die Spanne zwischen Arm und Reich geht immer weiter auseinander und du willst mir sagen, dass die das alles hart erarbeitet haben? Durch Lohndumping, Steuervorteile bei Bankgesch√§ften, Steuerschlupfl√∂cher..... ist das erst in dem Ma√üe m√∂glich. Der Gro√üteil der Reichen Erben gehen nicht arbeiten, weil sie von dem Geerbten Leben und trotzdem wird das Geld immer mehr. Das liegt daran, dass Arbeit wesentlich h√∂her besteuert wird, als Kapitalanlagen. Beamte machen ein normalen Job, wie jeder andere auch. Deine Dramatologie in dem Bereich ist echt √ºbertrieben und es geht NICHT um Neid, sondern um die L√∂sung von Problemen.",0,1,1
109,"Die Spanne zwischen ""arm"" und ""reich"" geht immer weiter auseinander und einige glauben, dass das alles hart erarbeitet ist? Durch Lohndumping, Steuervorteile bei Bankgesch√§ften, Steuerschlupfl√∂cher..... ist das erst in dem Ma√üe m√∂glich. Der Gro√üteil der Reichen Erben gehen nicht arbeiten, weil sie von dem Geerbten Leben und trotzdem wird das Geld immer mehr. Das liegt daran, dass Arbeit wesentlich h√∂her besteuert wird, als Kapitalanlagen. Niemand will Reichtum verbieten, es geht lediglich darum, dass man Probleme l√∂sen muss und das geht nur durch eine Umverteilung. Der Weg ist unumg√§nglich.",0,1,1
110,"@USER Ich sagte der ERBEN einfach mal lesen lernen, kann nicht so schwer sein.",1,0,0
111,"@USER Das ist das Einzige was kommt. Neid? Darum geht es nicht, das ist nicht mal ein Argument. Hier in unserem Land gibt es knapp 1/3 der Leute, die sp√§ter in Altersarmut rutschen. Wir m√ºssen es hinbekommen, dass JEDER im Alter ein Leben in W√ºrde leben kann.",0,0,1
112,@USER Nur ist der Steuersatz ganz anders. 25% sind weniger als knapp 40%. Das Steuersystem ist ungerecht.,0,1,1
113,"@USER Es geht darum, dass die Leute, die das Geld anlegen und dadurch Geld machen 25% Steuern zahlen und ich knappe 40%. Warum sollte Arbeit h√∂her besteuert sein?",0,0,1
114,Dieses Land schafft sich ab ! Sarrazin hatte v√∂llig recht mit allem https://www.bild.de/politik/inland/politik-inland/isis-kaempfer-nach-deutschland-holen-61-prozent-der-deutschen-dafuer-60289470.bild.html,0,1,1
115,"@MEDIUM wieso √ºberdenken die √ñR ihren Blickwinkel nicht auch mal ? 2 Links zum aufwachen ü§¶‚Äç‚ôÄÔ∏è https://www.faz.net/aktuell/gesellschaft/menschen/pariser-unternehmen-bietet-reisen-nach-syrien-an-16054654.html?utm_content=buffer8c8f1&utm_medium=social&utm_source=facebook.com&utm_campaign=GEPC%253Ds6 36.000 Nigeraner , nur 79 bekamen Asyl, aber alle sind hier ü§¨ https://amp.welt.de/politik/deutschland/article189127145/Asylsystem-Wie-es-bei-der-illegalen-Zuwanderung-aus-Nigeria-versagt.html?wtrid=upday",1,1,1
116,"M√ºssen eigentlich st√§ndig AfD Themen behandelt werden? Was ist mit dem v√∂lkerrechtswidrigen Kriegen? Was ist mit der Beteiligung Deutschlands an diesen Kriegen? Was ist mit unseren Waffenexporten und, was noch schlimmer ist, Deutsche in Lizenz gefertigte Waffen, im Ausland. Was ist mit der wirtschaftlichen Ausbeutung der L√§nder in der EU und in der Welt durch Deutschland. Speziell erw√§hne ich mal das Economic Partnership Agreement, die Leerfischung der Meere oder die √úberflutung von M√§rkten mit unseren steuersubventionierten Billigfleisch? Was ist mit den 16,8% der Menschen in Deutschland, die unterhalb der Armutsgrenze leben? Was ist mit den 1,5 Millionen Menschen, die zu den Tafeln gehen? Was ist mit den Werksvertr√§gler, die in Deutschland unter sklaven√§hnlichen Bedingungen arbeiten m√ºssen? Was ist mit den Menschen, die einen Stundenlohn von weniger als 13 Euro beziehen und garantiert im Alter auf die Grundsicherung angewiesen sein werden? Sprecht doch mal die sozialen Themen an! Hier kommt ganz schnell die neoliberale und kapitalistische Fratzen der CDU, CSU, FDP, SPD und Gr√ºne zum Vorschein.",1,0,1
117,"Die AfD sind genau so neoliberal und kapitalistische Zerst√∂rer unserer Heimat, wie die CDU, CSU, FDP, SPD und Gr√ºne auch.",1,0,0
118,Sarazin ist ein rechtsradikaler Mensch. Ein Menschenhasser. Sie kennen nur Zerst√∂rung. Die Geschichte hat es gezeigt.,1,0,1
119,"@USER, du hast das Thema im Kern nicht verstanden",0,0,1
120,"Ich frage dich, verlassen Menschen gerne ihre Heimat?",0,0,0
121,"Man k√∂nnte sagen, dass es seit 21 Jahren abzusehen war. Aber auch ich habe erst angefangen seit 5 Jahren mich intensiv um das Thema Politk zu k√ºmmern. Vorher habe ich immer N-TV oder N24 neben bei laufen lassen, bis ich bemerkt habe, dass da nur ""Nachrichten"" laufen und keine Infomationen gesendet werden. Es zeigt auch die tendenzi√∂se Berichterstattung vieler Sendungen. B√ºger werden nicht objektiv informiert. Ja, ein gro√üteil der √∂ffentlich rechtlchen und der Pivatsender ist tendenzi√∂s und somit kaum zu gebrauchen. Und ja es gibt auch gute √∂ffentlich rechtliche Sendungen, wie die Sendung Monitor, Die Anstalt, die die Story im Ersten und einiges mehr. Nur Narrativ der Medien ist pro Wirtschaft, pro USA und pro NATO. Wichtige Zusammenh√§nge werden uns so gut wie gar nicht erkl√§rt. Z.B. das Thema Geldsystem, Euro, Au√üenhandel, Freihandelsabkommen, Wirtschafts- und Rohstoffkriege, UNO Charta, sonstige Fluchtursachen, Lambsdorfpapiere, Agenda 2010, Renten uvm.",0,1,1
122,"Das sieht man insbesondere bei den rechtsradikalen Menschen. Sie wollen den Fl√ºchtingen ncht hefen. Sie meinen, dass Deutschland alles richtig Macht und diese Menschen nur herkommen um sich in unsere ""soziale H√§ngematte"" zu legen. Nur leider muss ich feststllen, dass diese Menschen zumeist gar nichts wissen und einfach nur gerne auf schw√§chere Menschen einp√ºgeln. Sind es nicht Fl√ºchtlinge und Migranten, dann weden es wieder ALG 2 Bezieher und Arbeitslose sein.",1,1,1
123,"Viele Meinen, das die AfD eine ""Alternative f√ºr Deutschland"" ist. Nur ist das eine Bauernf√§ngerpartei. Wenn man ihre rechtsradikale Hetze mal au√üen vor l√§√üt, dann kommt ihr wirtschaftsnaher, neoliberal-kapitalistischer Kern zum Vorschein. Mit Alice ""Mrs. Goldman Sachs"" Weidel an der Spitze. Der AfD sind Menschen mit geringen Einkommen haben den gleichen Stellenwert in der AfD wie Fl√ºchtlinge und Migrangen. Das sieht man z.B. nachdem Steuerkonezpt nach Kirchhoff, mit ihrer Vorderung der Beibehaltung der Hartz 4 Sanktionen oder die Beibehaltung des viel zu niedrigen Mindestlohns. √úber ihr Lehrkr√§ftemeldeprtal, das der Stasi alle Ehre Macht, mal ganz zu schweigen.",1,1,1
124,"Ja ich kenne ihre Sendungen. Ich w√ºrde sie nicht mit @MEDIUM"" betiteln, sondern ""Traurig aber wahr""",0,0,1
125,"@USER, wie ist deine Meinung zum Economic Partnership Agreement?",0,0,0
126,"Je nach Pflegestufe wird die Pflege zu einem 24h Job und ist nicht mehr zu stemmen, wenn man arbeitet. Meine L√∂sung w√§ren nicht nur gut ausgestattete Pflegeheime mit ausreichend Personal, sondern auch ein ann√§hernd bedingungsloses Grundeinkommen, im Menschen die Option zu geben, ihre Verwandten pflegen zu k√∂nnen, ohne in Geldnot zu kommen.",0,1,1
127,"Heimat ist f√ºr mich keine Heimat, wenn man andere Menschen ausschlie√üt oder sogar ausbeutet, aushungert, sie mit Rohstoffkriegen √ºberzieht und sie dann im Mittelmeer ersaufen l√§sst und sie an den Grenzen abweist.",0,0,0
128,""" Dann sind Sie also daf√ºr, dass diese Menschen vom einen Elend ins n√§chste gelangen und irgendwann so verzweifelt sind, dass sie entweder drogens√ºchtig oder kriminell werden, schlimmstenfalls auch aus Frust gewaltt√§tig?"" Na Problem erkannt?",0,0,0
129,""" Haben Sie eigentlich nicht mitbekommen, was in Frankreich seit Jahren abgeht?"" Nat√ºrlich habe ich in den letzen 2 Jahrzenten auch hin und wieder mal nach Frankreich r√ºber geschaut.",0,0,1
130,"""Was sollen diese meistens ungebildeten Wirtschaftsfl√ºchtlinge (ohne Wertung, einfach als Bezeichnung, es entspricht den Tatsachen) Du bist ein strunz dummer Hohlkopf. Das ist keine Wertung.",1,0,0
131,""" denn Ihrer Meinung nach in den europ√§ischen Leistungsgesellschaften anfangen?"" Bewertest du jeden Mensch nur nach seiner wirtschaftlichen Leistung?",0,0,0
132,"""Die meisten k√∂nnen nicht einmal lesen! "" Wie du wei√üt, oder auch nicht ist die arabische Schrigt komplett anders. Ich kann auch nicht lesen. Ich kann die arrabische Schrift nicht lesen.",0,0,1
133,""" Sie k√∂nnen ja gern einen Wirtschaftsfl√ºchtling "" Wie ist deine Meinung zum Economic Partnership Agreemet?",0,0,0
134,"""Das √§ndert aber nichts an den weiterhin elenden Lebensbedingungen der nicht Gefl√ºchteten in ihrer Heimat, "" Das ist soweit richtig. Nur sollte man die Menschen aus einem brennenden Haus erst rausholen, es dann l√∂schen, wieder aufbauen und sie dann wieder zur√ºck schicken.",0,1,0
135,"""Selbst wenn es einigen Gefl√ºchteten gelingen sollte, hier Lesen und Schreiben zu lernen (was ich aber angesichts der Tatsache, dass es schon f√ºr analphabetische Muttersprachler schwer ist, f√ºr sehr unwahrscheinlich halte),"" Ich habe mich schon mit einigen Fl√ºchtlingen unterhalten, die nicht nur unsere Sprache sprechen, sondern wesentlich gebildeter sind als ich und du.",0,1,1
136,"""Niemand verl√§sst gern sein Zuhause! Es ist v√∂llig idiotisch, alle m√∂glichen Leute hierherkommen "" Warum verlassen sie denn ihre Heimat? AfD."" Weil sie mit Hartz 4 mehr Geld bekommen, als in ihrer Heimat. Aber niemand von der AfD fragt sich :"" WARUM?"" Nat√ºrlich nicht. Es ist einfach mit rechtsradikaler Gesinnung auf Fl√ºchtlinge und Migranten drauf zu hauen, als sich mal hin zusetzen und die Fluchtursachen zu analysieren.",0,1,1
137,""" Und irgendwann wird es zu Unruhen kommen, aufgrund Aggressionen der Gefl√ºchteten aus Frust und Verzweiflung und Aggressionen der Autochthonen aus Zorn. "" Sie oben... Problem erkannt? Und was ist mit all den ""Fl√ºchtlingen"" und ""Migranten"" in gelben Westen in ganz Europa? Ist denen vielleicht auch langweilig?",0,0,0
138,""" Das alles f√ºhrt zu Konkurrenzsituationen! "" Das ist rchtig. Aber auch hierf√ºr gibt es simple L√∂sungen.",0,0,0
139,"""Es ist v√∂llig idiotisch, alle m√∂glichen Leute hierherkommen zu lassen, in eine ihnen v√∂llig fremde Kultur, und sie lebenslang (denn so wird es kommen) zu versorgen, "" Wann hat die AfD gegen Fluchtursachen demonstriert? Wann hat die AfD gegen wirtschaftliche Ausbetung, Rohstoffkriege, Wirtschaftskriege, ausbeuterische Freihandelsabkommen, Waffenliederungen und den Klimawandel demonstriert?",0,0,0
140,""" gedacht? Nein, so weit denken gr√ºne Traumt√§nzer ja nicht! Die denken nur von 12 bis Mittag! "" Ich fall gleich lachend vom Stuhl. Ich verweise mal auf meine Facebooseite ""Neu denken"".",0,1,1
141,"""Die wollen einfach nur herholen, herholen, herholen, "" Nein! Siehe Fluchtursachen bek√§mpfen.",0,1,1
142,"""Seenotrettern egal"" Jeds Schiff ist verplfichtet Menschen aus Seenot zu retten.",0,0,1
143,"""Das ist alles so unfassbar d√§mlich, ich finde keine Worte daf√ºr! "" Ich schon. Dass nennt sich Bildungsnostand.",0,0,0
144,"""NEIN, ich vergleiche NICHT Menschen mit Tieren,"" Sie vielleicht nicht. Andere ihrer Partei schon. Und andere Menschen, die, die AfD, NPD und Co. gut findet.",0,0,1
145,"@USER ""Hilfe besteht darin, den Leuten in den Heimatl√§ndern zu helfen, sprich: Bildung erm√∂glichen, Infrastruktur aufbauen, L√§nder nicht mehr ausbeuten, "" Hey. Ein Problem hast du erkannt. Wann bist du daf√ºr schon demonstrieren gegangen?",0,0,0
146,"""und jawohl, auch Geburtenregelung zu vermitteln. "" Ein Problem ist, dass die Kinder, das kaum bzw. nicht vorhandene Sozialversicherungssystem erstezen.",0,1,0
147,""" Hauptsache, sie haben ganz konkret erfahrbar ""edel"" Leben gerettet und k√∂nnen sich in diesem Gef√ºhl suhlen. "" Die AfD und Co. suhlt sich statt dessen in den Leichen der Menschen, die auf der Flucht ums leben bekommen sind.",1,0,0
148,"""Alles Andere ist dumme Traumt√§nzerei, v√∂llig irrational, sinnlos und nur dem Wunsch geschuldet, sich in dem Gef√ºhl, edel, hilfreich & gut zu sein, suhlen zu k√∂nnen, jawohl. ""Animal hording"" (s. o.) ist keine Hilfe!"" Es sind die ersten denans√§tze zu finden. Das ist schon mal positiv. Aber ihre L√∂sungsweg ist inhuman und geht √ºber Leichen.",1,0,0
149,Zum Thema Fluchtursachen bek√§mpfen. Ich nehme die AfD in der hinsicht solange nicht ernst bis sie gegen die Fluchtursachen demonstrieren.,0,0,0
150,"Zu dem √§hnelt das Menschenbild, was die AfD und Co hat von den Fl√ºchtlingen, Migranten, Muslimen und Ausl√§ndern stark dem Menschenbild der NSDAP aus dem 3. Reich.",0,0,1
151,"Nat√ºrlich h√∂rst du mir nicht zu. Und deswegen werden seit Jahren immer wieder die gleichen neoliberal-kapitalistischen Parteien CDU, CSU, FDP, SPD und AfD gew√§hlt. Die Gr√ºnen sind leider nicht vertrauensw√ºrdig auf Grund ihrer Agenda 2010 Politik und ihrer Bef√ºrwortung des v√∂lkerrechtswidrigen Krieges im Kosovo. Das Ergebnis dieser neoliberal-kapitalistischen Politik ist, dass die Armutsquote im letzten Jahr von 16% auf 16,8% gestiegen ist. Und wie asozial die Parteien sind, insbesondere auch die AfD, hat man heute bei den Reden gesehen zum Antrag der LINKEN die Armut in Deutschland zu bek√§mpfen.",1,1,1
152,"@USER Ich kann mene Argumente mit Fakten verkn√ºpfen. Da k√∂nnt ihr z.B auf meiner Facebookseite ""Neu denken"" vorbei schauen oder ich stelle euch meine Datensammlung ""Wichtiges Wissen"" zur Verf√ºgung.",0,1,1
153,"Provokantes Thema üò≥ und lockt alle :Ich bin kein Nazi, aber.... Argumentationen hervor!",0,0,0
154,Da ist ja schon einer üòâ,1,0,0
155,"@MEDIUM das stimmt, Hauptsache man kommt zu einem gemeinsamen Ergebnis, wo beide Seiten mit zufrieden sind üëç",0,1,0
156,"@USER, oder Ossis?",0,0,0
157,"@USER, wie stellst du dir denn Heimat vor? Wieder etwas mehr DDR, Mauer und Stasi?",1,0,0
158,"@USER, die preussischen K√∂nige und deutschen Kaiser fragten ihr Volk nicht, wenn sie Kriege f√ºhrten oder L√§nder einnahmen. W√§hrend der Weimarer Republik und des Dritten Reichs wurde auch niemand gefragt. Und selbst zur Wiedervereinigung wurde niemand gefragt, ob der Osten sich wirklich dem Westen anschlie√üen solle. Woher sollte jetzt diese angeblich so dringend notwendige Grundannahme stammen, das Volk m√ºsse direkt befragt werden? Deutschland hat seit Beginn seines demokratischen Wesens eine indirekte Demokratie - so wie √ºbrigens die meisten demokratischen Staaten der Erde. Die Schweizer haben zwar etwas mehr Volksbefragung. Aber diese ist auch an Gesetze gebunden und darf nicht gegen Grunds√§tze versto√üen. Zudem sind die Schweizer in den letzten Jahren zunehmend unzufriedener mit der Volksbefragung. In Deutschland werden keine Parteien ""kalt gestellt"".",0,1,1
159,"@USER, wunderbar. In einem Satz hast du erkl√§rt, wie du die Freiheit gerne eingeschr√§nkt sehen m√∂chtest, damit es dir angeblich kuschelig geht. Dabei zerst√∂rt Multikulti ganz gewiss keine Sicherheit. In St√§dten wie Amsterdam kann man wunderbar sehen, wie gut das funktionieren kann. Probleme gibt es vor allem immer dann, wenn ultrarechte meinen mal wieder das Leben vorschreiben zu m√ºssen.",0,1,1
160,"@USER, und was m√∂chtest du nun genau? Wieder DDR? Eine Mauer, die dich vor den b√∂sen Str√∂mungen der b√∂sen Welt besch√ºtzt? Aber harte Westw√§hrung nimmst du trotzdem, nicht wahr?",1,0,0
161,"@USER, es geht in Artikel 13 um Urheberschutz. Warum m√∂chtest du denn fremdes geistiges Eigentum unbedingt nutzen?",0,0,1
162,"@USER, warum leben Senioren in Altersheimen? Weil die Kinder sich nicht mehr um sie k√ºmmern? Warum machen das die Kinder nicht mehr? Haben am Ende die Senioren selbst Fehler in der Erziehung ihrer Kinder gemacht?",0,0,0
163,"@USER, ohh Himmel. In Deutschland bzw speziell im Ruhrgebiet gab es seit Beginn der Industrialisierung immer Zuwanderung. Und ein Pole war um 1900 nicht weniger fremd als heute ein Syrer. Hier in der Gegend haben wir einen Jung-AfDler, welcher aus Bad Karlshafen stammt. Die Stadt wurde mal von Fl√ºchtlingen f√ºr Fl√ºchtlinge (Hugenotten) gebaut. Der Mann spricht von √úberfremdung, stammt aber selbst aus einer Stadt, die vor allem franz√∂sischen Einfluss zeigt. Und nein, die Franzosen waren noch nie begeistert davon, wenn Deutsche ihnen ihre ""nachbarschaftliche"" Kultur aufzwingen wollten. Dann doch lieber der Syrer ...",0,1,1
164,"ca. 400 ‚ö† ""Einzelf√§lle"" - und das jeden Tag - √ºberall in üá©üá™ ! ‚û° @MEDIUM : Warum berichtet ihr NICHT ‚ùìWarum #VERSCHWEIGT und #VERTUSCHT ihr alle diese F√§lle ‚ùìHier nur aktueller ein Fall von #UNZ√ÑHLIGEN ! ‚ö† üîªüîªüîªüîªüîªüîªüîªüîªüîª https://www.tag24.de/nachrichten/berlin-polizei-sexual-straftaeter-gesucht-missbrauch-versuchte-vergewaltigung-980490?fbclid=IwAR0O2ZEDg5XguQVTvE0fCxzQxY7whpXiYnaP5-_Ek25AmOh-5Ooy7KSw79g",1,1,1
165,BKA 2018 : JEDEN Tag ca. 400 F√§lle ! ‚ö† siehe hier - protokolliert aus offiziellen Polizeiberichten ! ‚ö† üîªüîªüîªüîªüîªüîª http://RefCrime.Info/DE,1,1,1
166,Kommentare zu diesen #TATSACHEN und #FAKTEN werden NICHT gelesen ! ‚õî werden IGNORIERT ! ‚ö† an die #LINKS - #FASCHISTEN : SPART euch eure #HASS - #HETZ - Kommentare ! ‚ö†,1,0,0
167,"Heimat ist f√ºr jeden etwas anderes. F√ºr mich bedeutet es z.Bsp. die typische deutsche K√ºche, dass der Osterhase immer zu Ostersonntag die Kinder erfreut usw....",0,0,0
168,"@USER Richtig, die deutsche K√ºche ist vielf√§ltig und jeder Landstrich hat seine besonderen kulinarischen Eigenheiten. Diese werden in der Regel von den Eltern an die Kinder weitergeben und das ist auch eine Tradition.",0,0,0
169,"F√ºr mich ist Heimat dort, wo ich zuhause bin, fertig. Wer das an irgendeiner Staatsangeh√∂rigkeit festmacht, der hat mit seiner Vorstellung von Heimat ein Problem, prim√§r ein populistisches Problem.",0,0,0
170,"@USER, Heimat wie du und viele andere es verstehen, gibt's seit √ºber 100 Jahren nicht mehr. Heimatverkl√§rung existiert aber mindestens genauso lange.",0,0,0
171,üò¥,0,0,0
172,"Ja @USER? Pst, auch f√ºr dich nochmals, die Grenzen waren seit dem Schengen Abkommen offen, also was willst du bezwecken mit Staatsgrenzen sch√ºtzen Gebrabbel?",1,0,1
173,"@USER, wie viele sind dir da pers√∂nlich bekannt?",0,0,0
174,"Heimat kann man immer dort finden und bilden, wo man sich Zuhause f√ºhlt! V√∂lker/ Volksst√§mme sind schon immer √ºber den Planeten gezogen, haben sich da niedergelassen wo sie sich wohlf√ºhlten!",0,1,1
175,@USER Es gibt Kommentatoren denen kann und mag man keine R√ºckantwort geben!,0,1,0
176,@USER Denken Sie doch was Die wollen!!!,1,0,0
177,@USER So ist es in jeder Deutschen Stadt ! Es ist einfach traurig was hie passiert. In 10 bis 20 Jahren werden wir unser Land an andere Nationen verloren haben und wir werden eine Minderheit sein . (Geburtenentwickllung Deutsch 1 maximal 2 Kinder und Muslim o andere 4 bis 5 Kinder ) Rechne das mal hoch dann wei√ü Du wann wir nur noch eine Minderheit sind.,0,0,1
178,@USER Sie sprechen mir aus dem Herzen und sicherlich Millionen anderer auch . Wir sind viele die so denken und Stolz sind Deutsche zu sein . Es ist auch Deutsche Tugend hilfreich anderen gegen√ºber zu sein doch dieses Land kann allein nicht die Welt retten .,0,0,0
179,@USER Ja kann es aber wer kommt bestimmt der Deutsche Staat nach unserem Regeln ! So wie in Kanada,0,0,0
180,@USER Europ√§er sind ja auch Christen und haben keine Probleme mit unserer Religion und Weltanschauung. Wie sagte Helmut Schmidt bei Maischberger ! Der Islam geh√∂rt nicht zu Deutschland,0,1,1
181,@USER Du tr√§umst wenn Du glaubst das Montag mal ehrlich und mit kleinen Leuten die t√§glich dem ausgesetzt sind gesprochen wird Niemals! Die da diskutieren sitzen sch√∂n im Glashaus wie die drei Affen ( nichts sehen nichts h√∂ren und nur was f√ºr Sie gut ist erz√§hlen),1,0,0
182,"Heimat bedeutet, dass man dort verwurzelt ist und sich dieser gemeinschaftlichen Werten zugeh√∂rig f√ºhlt. Selbstverst√§ndlich kann ich f√ºr mich eine andere Heimat w√§hlen aber nur dann, wenn ich bereit bin bedingungslos diesen Idealen zu folgen! Hamad Abdel-Samad sagte einmal: wenn ich mich in einem anderen Land heimisch f√ºhlen m√∂chte, dann muss ich einen Teil meiner Wurzeln aufgeben! Man kann einen gro√üen Baum auch nur dann noch in einem anderen Gebiet wieder anpflanzen, wenn wir einen gro√üen Ballen der Wurzeln mitausgraben.....und selbst dann ist es nicht gew√§hrleistet! Wenn ich aber nur einen Baum (erwachsener Mensch) einfach abschneide und irgendwo anders in die Erde stecke, dann wird er niemals anwachsen!",0,1,1
183,"Heimat ist das Gef√ºhl von Geborgenheit. Dieses Gef√ºhl kommt durch pr√§gende Erfahrungen und ist psychologisch zu erkl√§ren. Teile der Pr√§gung sind die Erfahrungen mit der Mentalit√§t, mit positiven Erlebnissen in der Umgebung.... Wenn sich diese Heimat, die f√ºr jeden etwas anderes bedeutet sich ver√§ndert, kann das verschiedene Reaktionen ausl√∂sen und das sehen wir st√§ndig. Das war auch schon vor der Fl√ºchtlingswelle so, nur hat man jetzt die sozialen Netzwerke, die z.B. bei der Wende noch nicht da waren. Heimat ist wie ein Buch, jeder interpretiert es anders, ABER alle haben recht.",0,1,1
184,F√ºr alle die sich integrieren,0,0,0
185,"Berlin ist offen f√ºr Alle, ausgenommen die lieben S√ºddeutschen, die haben hier verschissen üòÇ",1,0,0
186,"@USER naja, wenn man bedenkt wie teuer diese Stadt durch die Bauern geworden ist w√ºrde ich sagen, dass das nicht mehr so ganz stimmt. Au√üerdem hat S√ºddeutschland sehr, sehr lange durch den LFA mehr als profitieren k√∂nnen und die heutigen Wohlstandsstrukturen erst aufbauen k√∂nnen. Kein Bundesland hat mehr durch Subventionen profitiert als Bayern, gefolgt von NRW. Also bleibt sch√∂n mit Euren √Ñrschen dahoam üòä",1,1,1
187,"@USER ach naja, so beeindruckend ist das nun auch wieder nicht bei n√§herer Betrachtung, aber danke",0,0,0
188,"@USER Also Bildung und Bayern, das sage ich Ihnen als jemand der sich seit 20 Jahren mit P√§dagogik professionell befasst, das schlie√üt sich fast aus. Hier ist viel lautes Gekraftmeier, aber die Qualit√§t der schulischen Bildung f√ºr ALLE Kinder l√§sst zu w√ºnschen √ºbrig, hier wird knallhart gesiebt, mehr aber auch nicht. Und das hat mit Bildung GARNICHTS zu tun.",0,1,0
189,@USER oh oh,1,0,0
190,"Zuwanderung nur in kleinen Gruppen und nur aus verwandten Kulturkreisen ,nicht noch mehr Moslems...DOLL",1,0,0
191,@USER war Jesus Moslem w√§re mir neu...als Angeh√∂riger der Minderheit in Ostdeutschland als Christen...,0,0,0
192,@USER ich bin in Magdeburg geboren als Fl√ºchtlingen und im Rhein Main Gebiet aufgewachsen und bis 92 in West BERLIN gelebt und gewirkt .Seit 92 in der SBZ oder NDL hier schaut hinter jedem Holzstapel Honni und die STASI hervor. DOLL,0,1,0
193,"@USER Der Islam w√ºrde erst im 7.Jahrhundert nach Christus von Mohammed begr√ºndet ,JESUS k√∂nnte kein Moslem sein er war vielleicht Vorher Jude.....vor diese Ihn an die R√∂mer ausgeliefert haben und diese Ihn gekreuzigt haben...",0,0,1
194,"Oh je, das ist jetzt richtig lang geworden :-/ Nirgendwo merke ich so stark, wie deutsch ich bin, wie im Ausland. Das Land, das ich f√ºr seine Vergangenheit gehasst und f√ºr seine Gegenwart kritisiert habe, ist eben doch das, zu dem ich am meisten geh√∂re. Das Leben nicht so schwer zu nehmen, f√§llt mir in anderen L√§ndern leichter: da ist es nicht ‚Äûmein Land‚Äú, in dem etwas schief l√§uft, da sind es nicht ‚Äûmeine Leute‚Äú, da f√ºhle ich mich nicht so verantwortlich. Gleichzeitig, mit zwei Vertriebenen, einem Fl√ºchtling und einer als ‚ÄûMischling‚Äú Verfolgten als Gro√üeltern, habe ich nie das Gef√ºhl gehabt, an dem Ort sein zu d√ºrfen, an dem mich das Schicksal hingesetzt hat. Ich bewundere Menschen, die als Selbstverst√§ndlichkeit ansehen, √ºberall leben zu d√ºrfen und willkommen zu sein. Gleichzeitig vermute ich, dass Menschen, die diese Sicherheit nicht kennen (z B einer meiner Nachbarn: Gro√üeltern durch Stalin verschleppt, als Kind in Russland der ‚ÄûFaschist‚Äú, weil Nationalit√§t und Nachname ‚Äûdeutsch‚Äú, in die BRD ausgewandert, Muttersprache Russisch, hier also ‚ÄûRusse‚Äú) es schwieriger finden, wenn sich in ihrem Umfeld viel ver√§ndert, als Menschen, die sich in ihrer Heimat und Zugeh√∂rigkeit sicher und verwurzelt f√ºhlen. Sie sind/ f√ºhlen sich nicht so bedroht. Nur eine Vermutung. ‚ÄûWir Deutschen‚Äú selbst sprechen uns zum gro√üen Teil ja eine Nationalit√§t selbst ab. In dem Buch ‚ÄûDu bist so deutsch. Mein Leben in einem Land, das seine Tugenden nicht mag‚Äú der aus Polen stammenden √úbersetzerin Agnieszka Kowaluk schreibt sie ohne jedes Problem von ‚Äûpolnischer Kultur‚Äú, ‚Äûpolnischer Identit√§t‚Äú, ‚Äûpolnischer Nation‚Äú, die z. B. durch die Teilungen und die Nichtexistenz eines Polens gerettet werden mussten. ‚ÄûMussten‚Äú. Ich bin froh, dass es die Polen und das Land Polen gibt. Schade, wenn sie ihr Polentum nicht bewahrt h√§tten. Wir haben erlebt, wie die UdSSR zerfiel und Jugoslawien in den B√ºrgerkrieg stolperte und in Kleinstteile zerfiel. Wir wissen, dass √ñsterreich-Ungarn scheiterte, weil Mehrheitsnationalit√§ten ihre eigenen Staaten haben wollten. Wenn von oben Menschen Nation (Heimat, Patriotismus) im Guten ausgetrieben werden soll, wird, f√ºrchte ich, immer Nationalismus entstehen. Wer w√ºrde leugnen, dass es eine bestimmte polnische, italienische, franz√∂sische, nordamerikanische, englische,... Kultur g√§be? Wir fahren in diese L√§nder, weil wir diese Kultur kennenlernen wollen. Wenn wir alles nivellieren (wollen), was bleibt das Spannende und Lehrreiche an der Begegnung? Lasst uns lieber ein ‚ÄûDeutschtum‚Äú finden, das niemanden ausschlie√üt, der deutsch sein will - und auch nicht die, die ‚ÄûDeutschland verrecke‚Äú postulieren. Egal, von wo wer kommt oder wo seine Eltern geboren wurden. Ein ‚ÄûDeutschtum‚Äú aber auch, das niemanden prophylaktisch als Nazi bezeichnet, der das Wort Heimat benutzt oder seinem Kind zwei Z√∂pfe flicht oder auf P√ºnktlichkeit abf√§hrt. Und wenn jemand deutsch ist, kann er auch europ√§isch sein. Und Weltenb√ºrger. Und Globalisierungsgegner.",0,1,1
195,Ob das die Menschen ohne Staatsangeh√∂rigkeit auch so sehen?,0,1,0
196,Wann f√§ngt denn die Historie an? Und wann h√∂rt sie Ihrer Meinung nach auf?,0,0,0
197,"@USER ganz im Gegenteil: es ist wunderbar, wenn er die BRD als Heimat empfindet.",0,0,0
198,"Und leider ist man selbst so einer, den man im Urlaub nicht treffen will an all den exotischen √ºberlaufenen Orten :-)",0,0,0
199,http://juedischerundschau.de/aegyptischer-praesident-sisi-verurteilt-das-selbstgerechte-anspruchsdenken-der-araber-135911300/?fbclid=IwAR1uxVU8O6DJjNX3ZHt0OZHKDDllqLdf8SszCyoUQ07uAsHTBwEOI0F4FvU,0,1,1
200,"... sie ist f√ºr jede/n anders und manche Menschen k√∂nnen einen Verlust ihrer Heimat nie verwinden, zerbrechen daran.",0,1,0
